Number,Question,Answer
1,What is the standard architecture for building large language models?,The standard architecture for building large language models is the transformer.
2,Do transformers use recurrent connections?,No
3,How does self-attention help in transformers?,Self-attention helps by building contextual representations of a word's meaning that integrate information from surrounding words.
4,Is the transformer architecture efficient to implement at scale?,Yes
5,What is the role of pretraining in large language models?,"Pretraining involves learning knowledge about language and the world from vast amounts of text, which is then used by large language models to perform various natural language tasks."
6,What mechanism does the transformer architecture use to build contextual representations?,The transformer architecture uses self-attention to build contextual representations.
7,Can transformers handle distant information better than LSTMs?,"Yes, transformers can handle distant information more efficiently than LSTMs."
8,What is a causal language model?,A causal language model predicts words left-to-right from earlier words.
9,Does the transformer architecture rely on recurrent connections like RNNs?,"No, the transformer architecture does not rely on recurrent connections."
10,How are words predicted in a transformer-based language model?,Words are predicted by iteratively predicting the next word in the text from the prior words.
11,Are transformers used in tasks like summarization and machine translation?,Yes
12,What is the primary innovation in transformers?,The primary innovation in transformers is the self-attention mechanism.
13,Do transformers use a feedforward network in their architecture?,Yes
14,What are transformer blocks?,"Transformer blocks are multilayer networks that combine linear layers, feedforward networks, and self-attention layers."
15,How do transformers predict upcoming words?,Transformers predict upcoming words by iteratively guessing the next word from prior words in the context.
16,What is a bidirectional transformer encoder?,A bidirectional transformer encoder is introduced in Chapter 11 and used for masked language modeling.
17,Can large language models generate summaries of documents?,Yes
18,What is the use of positional embeddings in transformers?,Positional embeddings are used to represent the position of each token in the sequence.
19,Do large language models have a significant impact on tasks like text generation?,Yes
20,What is masked language modeling?,Masked language modeling is introduced in Chapter 11 and is used for training bidirectional transformers.
21,What is the context length for large language models?,The context length for large language models can be up to 4096 tokens.
22,Do transformers have the ability to generate text?,Yes
23,What is the role of residual connections in transformers?,Residual connections allow information from lower layers to be passed directly to higher layers.
24,How are transformers different from RNNs in terms of parallelization?,Transformers are more efficient to parallelize compared to RNNs.
25,What is the primary function of the attention mechanism in transformers?,The attention mechanism helps extract and use information from a large context.
26,Do transformers use layer normalization?,Yes
27,What is the role of the feedforward layer in transformers?,The feedforward layer processes information at each position independently.
28,Are transformers used in natural language processing tasks?,Yes
29,How is the input represented in a transformer model?,The input is represented as a sequence of token embeddings combined with positional embeddings.
30,What is the softmax layer used for in transformers?,The softmax layer is used to normalize the scores into probabilities.
31,Do transformers predict the next word based on the previous context?,Yes
32,What is the purpose of using multi-head self-attention in transformers?,Multi-head self-attention allows transformers to capture different aspects of the relationships among inputs.
33,How are words weighted in the self-attention mechanism?,"Words are weighted based on their relevance, computed using a dot product."
34,What does the language modeling head do in transformers?,The language modeling head predicts the next word in the sequence.
35,Is the transformer architecture scalable?,Yes
36,What is the importance of pretraining in large language models?,Pretraining allows the model to learn from vast amounts of text before being fine-tuned for specific tasks.
37,Do transformers use attention to integrate information across a large context?,Yes
38,What does the term 'causal' refer to in causal language models?,"It refers to the left-to-right prediction of words, where each word is predicted based on the prior words."
39,Are transformers used for autoregressive text generation?,Yes
40,What is the advantage of using transformers over LSTMs?,Transformers are more efficient to parallelize and can handle long-range dependencies better.
41,What is the function of the self-attention layer in transformers?,The self-attention layer helps compute the contextual meaning of words by attending to other words in the context.
42,Do transformers use position-wise feedforward networks?,Yes
43,How does the multi-head attention mechanism benefit transformers?,The multi-head attention mechanism allows the model to focus on different relationships in the data simultaneously.
44,Is pretraining essential for large language models?,Yes
45,What does the term 'attention distribution' refer to in transformers?,It refers to how attention weights are distributed across the context words.
46,Do transformers use a normalization layer?,Yes
47,How does a transformer predict the next word in a sequence?,A transformer predicts the next word by using the context provided by the previous words and applying the self-attention mechanism.
48,Are transformer models efficient for parallel processing?,Yes
49,What is the purpose of weight tying in transformers?,"Weight tying is used to share weights between the input embedding and the output layer, improving efficiency."
50,Do transformers utilize residual connections?,Yes
51,How do transformers achieve parallelism?,"Transformers achieve parallelism by using self-attention and feedforward networks, which process all tokens simultaneously rather than sequentially."
52,Is the attention mechanism used in both RNNs and transformers?,Yes
53,What is the 'logit lens' in transformers?,The 'logit lens' is a technique to view internal representations at any layer of a transformer by multiplying the vectors by the unembedding layer.
54,Do transformers require large amounts of data for training?,Yes
55,What does a transformer block consist of?,"A transformer block consists of a multi-head attention layer, a feedforward layer, residual connections, and layer normalization."
56,Are transformers used for tasks like machine translation and text summarization?,Yes
57,What is the role of the positional embedding in transformers?,"Positional embeddings help the model understand the order of words in a sequence, which is crucial for processing natural language."
58,Can transformers be used for question answering tasks?,Yes
59,How do transformers handle long-range dependencies in text?,"Transformers handle long-range dependencies by using self-attention, which allows them to focus on relevant words from any part of the context."
60,Is the transformer architecture considered revolutionary for NLP?,Yes
61,What is the significance of the residual stream in transformers?,"The residual stream ensures that information from earlier layers is preserved and passed on to subsequent layers, aiding in better learning."
62,Do transformers use dot product attention?,Yes
63,What does the language modeling head do?,The language modeling head generates a probability distribution over the vocabulary for the next word prediction.
64,Are transformers the standard for building large language models?,Yes
65,How are transformers different from traditional RNNs?,"Transformers differ from traditional RNNs by not relying on sequential data processing, instead using self-attention to capture dependencies across entire sequences simultaneously."
66,Do transformers support autoregressive text generation?,Yes
67,What makes transformers particularly good at handling complex NLP tasks?,Transformers excel at complex NLP tasks due to their ability to process long-range dependencies and capture intricate relationships between words using self-attention.
68,Are residual connections essential for the performance of transformers?,Yes
69,What is the role of the softmax function in transformers?,"The softmax function normalizes the output logits into probabilities, which are used for tasks like next-word prediction."
70,Can transformers be used in generating text like summaries and translations?,Yes
71,How does multi-head attention contribute to the effectiveness of transformers?,"Multi-head attention allows transformers to learn from different aspects of the data, making the models more robust and capable of understanding complex relationships."
72,Is the transformer architecture widely adopted in modern NLP applications?,Yes
73,How does the transformer architecture handle the problem of vanishing gradients?,"The transformer architecture uses residual connections and layer normalization to mitigate the problem of vanishing gradients, improving the stability and effectiveness of training."
74,Do transformers require sequential data processing?,No
75,What is the advantage of using self-attention over traditional attention mechanisms?,"Self-attention allows transformers to efficiently process information from any part of the input sequence, enabling them to capture long-term dependencies better than traditional attention mechanisms."
76,Are transformers able to process large contexts?,Yes
77,How do transformers manage to be more efficient than RNNs?,Transformers manage to be more efficient than RNNs by avoiding recurrent connections and enabling parallel processing of input sequences.
78,Do transformers use attention mechanisms for tasks like machine translation?,Yes
79,What is the significance of the 'layer norm' in transformers?,"Layer normalization helps stabilize and accelerate training by keeping the values within a consistent range, reducing the likelihood of training instabilities."
80,Can transformers generate creative text outputs?,Yes
81,What is the primary benefit of transformers in NLP tasks?,"The primary benefit of transformers in NLP tasks is their ability to capture complex dependencies and relationships in text, making them highly effective for a wide range of applications."
82,Is the transformer architecture effective for handling large-scale language models?,Yes
83,How does the attention mechanism function within a transformer?,"The attention mechanism within a transformer functions by assigning different weights to the words in the context, helping the model focus on the most relevant information."
84,Do transformers require positional embeddings?,Yes
85,What is the role of the feedforward network in a transformer block?,"The feedforward network processes information at each position independently, helping the model refine its understanding of the input."
86,Are transformers scalable to large models like GPT-3?,Yes
87,How do transformers handle the generation of coherent text?,Transformers handle the generation of coherent text by leveraging self-attention and large context windows to maintain consistency and relevance throughout the text generation process.
88,Is multi-head attention a key innovation in transformers?,Yes
89,What distinguishes transformers from other neural network architectures?,"Transformers are distinguished by their use of self-attention, which allows them to capture dependencies across entire sequences without relying on recurrent connections."
90,Do transformers utilize a softmax layer for probability distribution?,Yes
91,What is the benefit of using residual connections in transformers?,"Residual connections improve the flow of gradients during training and help preserve information from earlier layers, leading to better model performance."
92,"Are transformers used in tasks beyond NLP, like image processing?",Yes
93,How does the transformer architecture contribute to the success of large language models?,"The transformer architecture contributes to the success of large language models by enabling them to learn from vast amounts of data and efficiently process long-range dependencies, making them highly versatile and powerful."
94,Is the use of self-attention unique to transformers?,Yes
95,What makes transformers a preferred choice for building large language models?,"Transformers are preferred for building large language models due to their efficiency, scalability, and ability to capture complex dependencies in data."
96,Do transformers use masking to handle future words during training?,Yes
97,How do transformers ensure that generated text is relevant to the given context?,Transformers ensure relevance by using large context windows and self-attention mechanisms that focus on the most important parts of the input when generating text.
98,Are transformers the foundation of modern generative AI?,Yes
99,What is the function of the language modeling head in transformers?,The language modeling head generates the next word prediction based on the context provided by the transformer layers.
100,Is pretraining a common step before fine-tuning transformers for specific tasks?,Yes
